/*
 Navicat Premium Data Transfer

 Source Server         : localhost
 Source Server Type    : MySQL
 Source Server Version : 50728
 Source Host           : localhost:3306
 Source Schema         : personnel

 Target Server Type    : MySQL
 Target Server Version : 50728
 File Encoding         : 65001

 Date: 02/04/2021 14:52:03
*/

SET NAMES utf8mb4;
SET FOREIGN_KEY_CHECKS = 0;

-- ----------------------------
-- Table structure for attendance_record
-- ----------------------------
DROP TABLE IF EXISTS `attendance_record`;
CREATE TABLE `attendance_record`  (
  `record_id` int(11) NOT NULL AUTO_INCREMENT COMMENT '记录id',
  `eid` int(11) NOT NULL COMMENT '用户编号',
  `real_name` varchar(12) CHARACTER SET utf8 COLLATE utf8_general_ci NOT NULL COMMENT '真实姓名',
  `workId` char(8) CHARACTER SET utf8 COLLATE utf8_general_ci NULL DEFAULT NULL COMMENT '员工工号',
  `early_num` int(2) NULL DEFAULT NULL COMMENT '早退次数',
  `time` date NULL DEFAULT NULL COMMENT '时间',
  `absenteeism_num` int(2) NULL DEFAULT NULL COMMENT '缺勤天数',
  `attendance_num` int(2) NULL DEFAULT NULL COMMENT '出勤天数',
  `late_num` int(2) NULL DEFAULT NULL COMMENT '迟到次数',
  `evection_num` int(2) NULL DEFAULT NULL COMMENT '出差天数',
  `entry_id` int(11) NULL DEFAULT NULL COMMENT '录入人',
  `entry_date` timestamp(0) NULL DEFAULT CURRENT_TIMESTAMP(0) COMMENT '录入日期',
  `update_id` int(11) NULL DEFAULT NULL COMMENT '更新人',
  `update_date` timestamp(0) NULL DEFAULT NULL ON UPDATE CURRENT_TIMESTAMP(0) COMMENT '更新日期',
  `remark` varchar(500) CHARACTER SET utf8 COLLATE utf8_general_ci NULL DEFAULT NULL COMMENT '备注',
  PRIMARY KEY (`record_id`) USING BTREE
) ENGINE = InnoDB AUTO_INCREMENT = 3 CHARACTER SET = utf8 COLLATE = utf8_general_ci COMMENT = '考勤记录表' ROW_FORMAT = Dynamic;

-- ----------------------------
-- Records of attendance_record
-- ----------------------------

-- ----------------------------
-- Table structure for department
-- ----------------------------
DROP TABLE IF EXISTS `department`;
CREATE TABLE `department`  (
  `id` int(11) NOT NULL AUTO_INCREMENT,
  `name` varchar(32) CHARACTER SET utf8 COLLATE utf8_general_ci NULL DEFAULT NULL COMMENT '部门名称',
  `parentId` int(11) NULL DEFAULT NULL,
  `depPath` varchar(255) CHARACTER SET utf8 COLLATE utf8_general_ci NULL DEFAULT NULL,
  `enabled` tinyint(1) NULL DEFAULT 1,
  `isParent` tinyint(1) NULL DEFAULT 0,
  PRIMARY KEY (`id`) USING BTREE
) ENGINE = InnoDB AUTO_INCREMENT = 116 CHARACTER SET = utf8 COLLATE = utf8_general_ci ROW_FORMAT = Dynamic;

-- ----------------------------
-- Records of department
-- ----------------------------
INSERT INTO `department` VALUES (1, '股东会', -1, '.1', 1, 1);
INSERT INTO `department` VALUES (4, '董事会', 1, '.1.4', 1, 1);
INSERT INTO `department` VALUES (5, '总办', 4, '.1.4.5', 1, 1);
INSERT INTO `department` VALUES (8, '财务部', 5, '.1.4.5.8', 1, 0);
INSERT INTO `department` VALUES (78, '市场部', 5, '.1.4.5.78', 1, 1);
INSERT INTO `department` VALUES (81, '华北市场部', 78, '.1.4.5.78.81', 1, 1);
INSERT INTO `department` VALUES (82, '华南市场部', 78, '.1.4.5.78.82', 1, 0);
INSERT INTO `department` VALUES (85, '石家庄市场部', 81, '.1.4.5.78.81.85', 1, 0);
INSERT INTO `department` VALUES (86, '西北市场部', 78, '.1.4.5.78.86', 1, 1);
INSERT INTO `department` VALUES (87, '西安市场', 86, '.1.4.5.78.86.87', 1, 1);
INSERT INTO `department` VALUES (89, '莲湖区市场', 87, '.1.4.5.78.86.87.89', 1, 0);
INSERT INTO `department` VALUES (91, '技术部', 5, '.1.4.5.91', 1, 0);
INSERT INTO `department` VALUES (92, '运维部', 5, '.1.4.5.92', 1, 1);
INSERT INTO `department` VALUES (93, '运维1部', 92, '.1.4.5.92.93', 1, 0);
INSERT INTO `department` VALUES (94, '运维2部', 92, '.1.4.5.92.94', 1, 0);
INSERT INTO `department` VALUES (96, 'bbb', 1, '.1.96', 1, 1);
INSERT INTO `department` VALUES (104, '111', 96, '.1.96.104', 1, 0);
INSERT INTO `department` VALUES (105, '测试1', 5, '.1.4.5.105', 1, 1);
INSERT INTO `department` VALUES (114, '213', 105, '.1.4.5.105.114', 1, 1);
INSERT INTO `department` VALUES (115, '123', 114, '.1.4.5.105.114.115', 1, 0);

-- ----------------------------
-- Table structure for employee
-- ----------------------------
DROP TABLE IF EXISTS `employee`;
CREATE TABLE `employee`  (
  `id` int(11) NOT NULL AUTO_INCREMENT COMMENT '员工编号',
  `username` varchar(40) CHARACTER SET utf8 COLLATE utf8_general_ci NOT NULL COMMENT '登录名',
  `password` varchar(40) CHARACTER SET utf8 COLLATE utf8_general_ci NOT NULL COMMENT '登录密码',
  `name` varchar(10) CHARACTER SET utf8 COLLATE utf8_general_ci NULL DEFAULT NULL COMMENT '员工姓名',
  `gender` char(4) CHARACTER SET utf8 COLLATE utf8_general_ci NULL DEFAULT NULL COMMENT '性别',
  `birthday` date NULL DEFAULT NULL COMMENT '出生日期',
  `role` tinyint(1) NOT NULL COMMENT '角色 0 为系统管理员 1 为hr 2为普通员工',
  `idCard` char(18) CHARACTER SET utf8 COLLATE utf8_general_ci NULL DEFAULT NULL COMMENT '身份证号',
  `wedlock` enum('已婚','未婚','离异') CHARACTER SET utf8 COLLATE utf8_general_ci NULL DEFAULT NULL COMMENT '婚姻状况',
  `nationId` int(8) NULL DEFAULT NULL COMMENT '民族',
  `nativePlace` varchar(20) CHARACTER SET utf8 COLLATE utf8_general_ci NULL DEFAULT NULL COMMENT '籍贯',
  `politicId` int(8) NULL DEFAULT NULL COMMENT '政治面貌',
  `email` varchar(20) CHARACTER SET utf8 COLLATE utf8_general_ci NULL DEFAULT NULL COMMENT '邮箱',
  `phone` varchar(11) CHARACTER SET utf8 COLLATE utf8_general_ci NULL DEFAULT NULL COMMENT '电话号码',
  `address` varchar(64) CHARACTER SET utf8 COLLATE utf8_general_ci NULL DEFAULT NULL COMMENT '联系地址',
  `departmentId` int(11) NULL DEFAULT NULL COMMENT '所属部门',
  `jobLevelId` int(11) NULL DEFAULT NULL COMMENT '职称ID',
  `posId` int(11) NULL DEFAULT NULL COMMENT '职位ID',
  `engageForm` varchar(8) CHARACTER SET utf8 COLLATE utf8_general_ci NULL DEFAULT NULL COMMENT '聘用形式',
  `tiptopDegree` enum('博士','硕士','本科','大专','高中','初中','小学','其他') CHARACTER SET utf8 COLLATE utf8_general_ci NULL DEFAULT NULL COMMENT '最高学历',
  `specialty` varchar(32) CHARACTER SET utf8 COLLATE utf8_general_ci NULL DEFAULT NULL COMMENT '所属专业',
  `school` varchar(32) CHARACTER SET utf8 COLLATE utf8_general_ci NULL DEFAULT NULL COMMENT '毕业院校',
  `beginDate` date NULL DEFAULT NULL COMMENT '入职日期',
  `workState` enum('在职','离职') CHARACTER SET utf8 COLLATE utf8_general_ci NULL DEFAULT '在职' COMMENT '在职状态',
  `workID` char(8) CHARACTER SET utf8 COLLATE utf8_general_ci NULL DEFAULT NULL COMMENT '工号',
  `contractTerm` double NULL DEFAULT NULL COMMENT '合同期限',
  `conversionTime` date NULL DEFAULT NULL COMMENT '转正日期',
  `notWorkDate` date NULL DEFAULT NULL COMMENT '离职日期',
  `beginContract` date NULL DEFAULT NULL COMMENT '合同起始日期',
  `endContract` date NULL DEFAULT NULL COMMENT '合同终止日期',
  `workAge` int(11) NULL DEFAULT NULL COMMENT '工龄',
  `registerStatus` char(1) CHARACTER SET utf8 COLLATE utf8_general_ci NULL DEFAULT '0' COMMENT '注册状态 0待审核 1审核通过 2审核拒绝',
  PRIMARY KEY (`id`) USING BTREE,
  INDEX `departmentId`(`departmentId`) USING BTREE,
  INDEX `jobId`(`jobLevelId`) USING BTREE,
  INDEX `dutyId`(`posId`) USING BTREE,
  INDEX `nationId`(`nationId`) USING BTREE,
  INDEX `politicId`(`politicId`) USING BTREE,
  INDEX `workID_key`(`workID`) USING BTREE
) ENGINE = InnoDB AUTO_INCREMENT = 1946 CHARACTER SET = utf8 COLLATE = utf8_general_ci ROW_FORMAT = Dynamic;

-- ----------------------------
-- Records of employee
-- ----------------------------
INSERT INTO `employee` VALUES (1, 'admin', '96e79218965eb72c92a549dd5a330112', '系统管理员', '男', '1990-01-01', 0, '610122199001011256', '离异', 1, '陕西', 13, 'laowang@qq.com', '18565558897', '深圳市南山区', 1, 9, 29, '劳务合同', '本科', '信息管理与信息系统', '深圳大学', '2018-01-01', '在职', '00000001', 2, '2018-04-01', NULL, '2018-01-01', '2020-01-01', NULL, '1');
INSERT INTO `employee` VALUES (2, 'chenjing', '96e79218965eb72c92a549dd5a330112', '陈静', '女', '1989-02-01', 0, '421288198902011234', '已婚', 1, '海南', 1, 'chenjing@qq.com', '18795556693', '海南省海口市美兰区', 91, 10, 29, '劳动合同', '高中', '市场营销', '武汉大学', '2015-06-09', '在职', '00000002', 3, '2015-09-10', NULL, '2015-06-09', '2018-06-08', NULL, '1');
INSERT INTO `employee` VALUES (3, 'zhao', 'e10adc3949ba59abbe56e057f20f883e', '赵琳浩', '男', '1993-03-04', 2, '610122199303041456', '未婚', 1, '陕西', 3, 'zhao@qq.com', '15698887795', '陕西省西安市莲湖区', 91, 12, 33, '劳动合同', '博士', '电子工程', '哈尔滨理工大学', '2018-01-01', '在职', '00000003', 3.5, '2018-04-01', NULL, '2018-01-01', '2021-07-14', 4, '1');
INSERT INTO `employee` VALUES (4, 'lulu', 'e10adc3949ba59abbe56e057f20f883e', '鹿存亮', '男', '1990-01-03', 2, '610122199001031456', '已婚', 1, '陕西', 3, 'zhao@qq.com', '15612347795', '陕西省西安市莲湖区', 91, 12, 36, '劳动合同', '其他', '电子工程', '哈尔滨理工大学', '2018-01-01', '在职', '00000004', 3.5, '2018-04-01', NULL, '2018-01-01', '2021-07-14', NULL, '0');
INSERT INTO `employee` VALUES (5, 'yaoyao', 'e10adc3949ba59abbe56e057f20f883e', '姚森', '男', '1991-02-05', 0, '610122199102058952', '已婚', 1, '河南', 3, 'yaosen@qq.com', '14785559936', '河南洛阳人民大道58号', 92, 15, 34, '劳动合同', '硕士', '室内装修设计', '西北大学', '2017-01-02', '在职', '00000005', 7, '2017-04-02', NULL, '2017-01-02', '2024-01-17', NULL, '0');
INSERT INTO `employee` VALUES (6, 'yunxing', 'e10adc3949ba59abbe56e057f20f883e', '云星', '女', '1993-01-05', 0, '610122199301054789', '已婚', 1, '陕西西安', 1, 'yunxing@qq.com', '15644442252', '陕西西安新城区', 92, 16, 34, '劳务合同', '硕士', '通信工程', '西安电子科技学校', '2018-01-01', '在职', '00000006', 5.25, '2018-04-01', NULL, '2018-01-01', '2023-04-13', NULL, '0');
INSERT INTO `employee` VALUES (7, 'jiaxu', 'e10adc3949ba59abbe56e057f20f883e', '贾旭明', '男', '1993-11-11', 0, '610122199311111234', '已婚', 1, '广东广州', 4, 'jiaxuming@qq.com', '15644441234', '广东省广州市天河区冼村路', 78, 15, 33, '劳务合同', '初中', '通信工程', '西北大学', '2018-01-01', '在职', '00000007', 5.25, '2018-04-01', NULL, '2018-01-01', '2023-04-13', NULL, '0');
INSERT INTO `employee` VALUES (8, 'zhangliming', 'e10adc3949ba59abbe56e057f20f883e', '张黎明', '男', '1991-02-01', 0, '610144199102014569', '已婚', 1, '广东', 6, 'zhangliming@qq.com', '18979994478', '广东珠海', 91, 15, 33, '劳动合同', '高中', '考古', '清华大学', '2018-01-01', '在职', '00000008', 7, '2018-04-01', NULL, '2018-01-01', '2025-01-30', NULL, '0');
INSERT INTO `employee` VALUES (9, 'xuelei', 'e10adc3949ba59abbe56e057f20f883e', '薛磊', '男', '1992-07-01', 0, '610144199207017895', '已婚', 1, '陕西西安', 13, 'xuelei@qq.com', '15648887741', '西安市雁塔区', 92, 14, 34, '劳动合同', '初中', '无', '华胥中学', '2018-01-01', '在职', '00000009', 6, '2018-04-01', NULL, '2018-01-01', '2024-01-17', NULL, '0');
INSERT INTO `employee` VALUES (10, 'zhangjie', 'e10adc3949ba59abbe56e057f20f883e', '张洁', '女', '1990-10-09', 0, '420177199010093652', '未婚', 1, '海南', 5, 'zhangjie@qq.com', '13695557742', '海口市美兰区', 92, 16, 34, '劳动合同', '高中', '无', '海南侨中', '2018-01-01', '在职', '00000010', 1, '2018-01-31', NULL, '2018-01-01', '2019-01-01', NULL, '0');
INSERT INTO `employee` VALUES (11, 'jiang', 'e10adc3949ba59abbe56e057f20f883e', '江南一点雨2', '男', '1990-01-01', 0, '610122199001011256', '已婚', 1, '陕西', 13, 'laowang@qq.com', '18565558897', '深圳市南山区', 91, 9, 29, '劳动合同', '本科', '信息管理与信息系统', '深圳大学', '2018-01-01', '在职', '00000011', 1, '2018-04-01', NULL, '2018-01-01', '2019-01-01', NULL, '0');
INSERT INTO `employee` VALUES (12, 'chengjing2', 'e10adc3949ba59abbe56e057f20f883e', '陈静2', '女', '1989-02-01', 0, '421288198902011234', '已婚', 1, '海南', 1, 'chenjing@qq.com', '18795556693', '海南省海口市美兰区', 82, 12, 30, '劳动合同', '高中', '市场营销', '武汉大学', '2015-06-09', '在职', '00000012', 3, '2015-09-10', NULL, '2015-06-09', '2018-06-08', NULL, '0');
INSERT INTO `employee` VALUES (13, 'zhao2', 'e10adc3949ba59abbe56e057f20f883e', '赵琳浩2', '男', '1993-03-04', 0, '610122199303041456', '未婚', 1, '陕西', 3, 'zhao@qq.com', '15698887795', '陕西省西安市莲湖区', 91, 12, 33, '劳动合同', '博士', '电子工程', '哈尔滨理工大学', '2018-01-01', '在职', '00000013', 3.5, '2018-04-01', NULL, '2018-01-01', '2021-07-14', NULL, '0');
INSERT INTO `employee` VALUES (14, 'lulu2', 'e10adc3949ba59abbe56e057f20f883e', '鹿存亮2', '男', '1990-01-03', 0, '610122199001031456', '已婚', 1, '陕西', 3, 'zhao@qq.com', '15612347795', '陕西省西安市莲湖区', 92, 12, 34, '劳动合同', '高中', '电子工程', '哈尔滨理工大学', '2018-01-01', '在职', '00000014', 3.5, '2018-04-01', NULL, '2018-01-01', '2021-07-14', NULL, '0');
INSERT INTO `employee` VALUES (15, 'yaosen2', 'e10adc3949ba59abbe56e057f20f883e', '姚森2', '男', '1991-02-05', 0, '610122199102058952', '已婚', 1, '河南', 3, 'yaosen@qq.com', '14785559936', '河南洛阳人民大道58号', 92, 15, 34, '劳动合同', '初中', '室内装修设计', '西北大学', '2017-01-02', '在职', '00000015', 7, '2017-04-02', NULL, '2017-01-02', '2024-01-17', NULL, '0');
INSERT INTO `employee` VALUES (16, 'yunxing2', 'e10adc3949ba59abbe56e057f20f883e', '云星2', '女', '1993-01-05', 0, '610122199301054789', '已婚', 1, '陕西西安', 1, 'yunxing@qq.com', '15644442252', '陕西西安新城区', 92, 16, 34, '劳务合同', '硕士', '通信工程', '西安电子科技学校', '2018-01-01', '在职', '00000016', 5.25, '2018-04-01', NULL, '2018-01-01', '2023-04-13', NULL, '0');
INSERT INTO `employee` VALUES (17, 'jiaxu2', 'e10adc3949ba59abbe56e057f20f883e', '贾旭明2', '男', '1993-11-11', 0, '610122199311111234', '已婚', 1, '广东广州', 4, 'jiaxuming@qq.com', '15644441234', '广东省广州市天河区冼村路', 78, 15, 33, '劳务合同', '初中', '通信工程', '西北大学', '2018-01-01', '在职', '00000017', 5.25, '2018-04-01', NULL, '2018-01-01', '2023-04-13', NULL, '0');
INSERT INTO `employee` VALUES (18, 'wangyiting2', 'e10adc3949ba59abbe56e057f20f883e', '王一亭', '男', '1991-02-01', 0, '610144199102014569', '已婚', 1, '广东', 6, 'zhangliming@qq.com', '18979994478', '广东珠海', 91, 15, 33, '劳动合同', '高中', '考古', '清华大学', '2018-01-01', '在职', '00000018', 7, '2018-04-01', NULL, '2018-01-01', '2025-01-30', NULL, '0');
INSERT INTO `employee` VALUES (19, 'xuelei2', 'e10adc3949ba59abbe56e057f20f883e', '薛磊2', '男', '1992-07-01', 0, '610144199207017895', '已婚', 1, '陕西西安', 13, 'xuelei@qq.com', '15648887741', '西安市雁塔区', 92, 14, 34, '劳动合同', '初中', '无', '华胥中学', '2018-01-01', '在职', '00000019', 1, '2018-04-01', NULL, '2018-01-01', '2019-01-01', NULL, '0');
INSERT INTO `employee` VALUES (20, 'zhangjie2', 'e10adc3949ba59abbe56e057f20f883e', '张洁2', '女', '1990-10-09', 0, '420177199010093652', '未婚', 1, '海南', 5, 'zhangjie@qq.com', '13695557742', '海口市美兰区', 92, 16, 34, '劳动合同', '高中', '无', '海南侨中', '2018-01-01', '在职', '00000020', 1, '2018-01-31', NULL, '2018-01-01', '2019-01-01', NULL, '0');
INSERT INTO `employee` VALUES (21, 'jiang3', 'e10adc3949ba59abbe56e057f20f883e', '江南一点雨3', '男', '1990-01-01', 0, '610122199001011256', '已婚', 1, '陕西', 13, 'laowang@qq.com', '18565558897', '深圳市南山区', 8, 9, 29, '劳动合同', '本科', '信息管理与信息系统', '深圳大学', '2018-01-01', '在职', '00000021', 1, '2018-04-01', NULL, '2018-01-01', '2019-01-01', NULL, '0');
INSERT INTO `employee` VALUES (22, 'chengjing3', 'e10adc3949ba59abbe56e057f20f883e', '陈静3', '女', '1989-02-01', 0, '421288198902011234', '已婚', 1, '海南', 1, 'chenjing@qq.com', '18795556693', '海南省海口市美兰区', 82, 12, 30, '劳动合同', '高中', '市场营销', '武汉大学', '2015-06-09', '离职', '00000022', 3, '2015-09-10', NULL, '2015-06-09', '2018-06-08', NULL, '0');
INSERT INTO `employee` VALUES (24, 'lulu3', 'e10adc3949ba59abbe56e057f20f883e', '鹿存亮3', '男', '1990-01-03', 0, '610122199001031456', '已婚', 1, '陕西', 3, 'zhao@qq.com', '15612347795', '陕西省西安市莲湖区', 92, 12, 34, '劳动合同', '高中', '电子工程', '哈尔滨理工大学', '2018-01-01', '在职', '00000024', 3.5, '2018-04-01', NULL, '2018-01-01', '2021-07-14', NULL, '0');
INSERT INTO `employee` VALUES (25, 'yaosen3', 'e10adc3949ba59abbe56e057f20f883e', '姚森3', '男', '1991-02-05', 0, '610122199102058952', '已婚', 1, '河南', 3, 'yaosen@qq.com', '14785559936', '河南洛阳人民大道58号', 92, 15, 34, '劳动合同', '初中', '室内装修设计', '西北大学', '2017-01-02', '在职', '00000025', 7, '2017-04-02', NULL, '2017-01-02', '2024-01-17', NULL, '0');
INSERT INTO `employee` VALUES (26, 'yunxing3', 'e10adc3949ba59abbe56e057f20f883e', '云星3', '女', '1993-01-05', 0, '610122199301054789', '已婚', 1, '陕西西安', 1, 'yunxing@qq.com', '15644442252', '陕西西安新城区', 92, 16, 34, '劳务合同', '硕士', '通信工程', '西安电子科技学校', '2018-01-01', '在职', '00000026', 5.25, '2018-04-01', NULL, '2018-01-01', '2023-04-13', NULL, '0');
INSERT INTO `employee` VALUES (27, 'jiaxu3', 'e10adc3949ba59abbe56e057f20f883e', '贾旭明3', '男', '1993-11-11', 0, '610122199311111234', '已婚', 1, '广东广州', 4, 'jiaxuming@qq.com', '15644441234', '广东省广州市天河区冼村路', 78, 15, 33, '劳务合同', '初中', '通信工程', '西北大学', '2018-01-01', '在职', '00000027', 5.25, '2018-04-01', NULL, '2018-01-01', '2023-04-13', NULL, '0');
INSERT INTO `employee` VALUES (28, 'zhang3', 'e10adc3949ba59abbe56e057f20f883e', '张黎明3', '男', '1991-02-01', 0, '610144199102014569', '已婚', 1, '广东', 6, 'zhangliming@qq.com', '18979994478', '广东珠海', 91, 15, 33, '劳动合同', '高中', '考古', '清华大学', '2018-01-01', '在职', '00000028', 7, '2018-04-01', NULL, '2018-01-01', '2025-01-30', NULL, '0');
INSERT INTO `employee` VALUES (29, 'xuelei3', 'e10adc3949ba59abbe56e057f20f883e', '薛磊3', '男', '1992-07-01', 0, '610144199207017895', '已婚', 1, '陕西西安', 13, 'xuelei@qq.com', '15648887741', '西安市雁塔区', 92, 14, 34, '劳动合同', '初中', '无', '华胥中学', '2018-01-01', '在职', '00000029', 6, '2018-04-01', NULL, '2018-01-01', '2024-01-17', NULL, '0');
INSERT INTO `employee` VALUES (31, 'jiang4', 'e10adc3949ba59abbe56e057f20f883e', '江南一点雨4', '男', '1990-01-01', 0, '610122199001011256', '已婚', 1, '陕西', 13, 'laowang@qq.com', '18565558897', '深圳市南山区', 8, 9, 29, '劳动合同', '本科', '信息管理与信息系统', '深圳大学', '2018-01-01', '在职', '00000031', 1, '2018-04-01', NULL, '2018-01-01', '2019-01-01', NULL, '0');
INSERT INTO `employee` VALUES (32, 'chengjieng4', 'e10adc3949ba59abbe56e057f20f883e', '陈静4', '女', '1989-02-01', 0, '421288198902011234', '已婚', 1, '海南', 1, 'chenjing@qq.com', '18795556693', '海南省海口市美兰区', 82, 12, 30, '劳动合同', '高中', '市场营销', '武汉大学', '2015-06-09', '在职', '00000032', 3, '2015-09-10', NULL, '2015-06-09', '2018-06-08', NULL, '0');
INSERT INTO `employee` VALUES (33, 'zhao4', 'e10adc3949ba59abbe56e057f20f883e', '赵琳浩4', '男', '1993-03-04', 0, '610122199303041456', '未婚', 1, '陕西', 3, 'zhao@qq.com', '15698887795', '陕西省西安市莲湖区', 91, 12, 33, '劳动合同', '博士', '电子工程', '哈尔滨理工大学', '2018-01-01', '在职', '00000033', 3.5, '2018-04-01', NULL, '2018-01-01', '2021-07-14', NULL, '0');
INSERT INTO `employee` VALUES (34, 'lu4', 'e10adc3949ba59abbe56e057f20f883e', '鹿存亮4', '男', '1990-01-03', 0, '610122199001031456', '已婚', 1, '陕西', 3, 'zhao@qq.com', '15612347795', '陕西省西安市莲湖区', 92, 12, 34, '劳动合同', '高中', '电子工程', '哈尔滨理工大学', '2018-01-01', '在职', '00000034', 3.5, '2018-04-01', NULL, '2018-01-01', '2021-07-14', NULL, '0');
INSERT INTO `employee` VALUES (35, 'yaosen4', 'e10adc3949ba59abbe56e057f20f883e', '姚森4', '男', '1991-02-05', 0, '610122199102058952', '已婚', 1, '河南', 3, 'yaosen@qq.com', '14785559936', '河南洛阳人民大道58号', 92, 15, 34, '劳动合同', '初中', '室内装修设计', '西北大学', '2017-01-02', '在职', '00000035', 7, '2017-04-02', NULL, '2017-01-02', '2024-01-17', NULL, '0');
INSERT INTO `employee` VALUES (36, 'yunxing4', 'e10adc3949ba59abbe56e057f20f883e', '云星4', '女', '1993-01-05', 0, '610122199301054789', '已婚', 1, '陕西西安', 1, 'yunxing@qq.com', '15644442252', '陕西西安新城区', 92, 16, 34, '劳务合同', '硕士', '通信工程', '西安电子科技学校', '2018-01-01', '在职', '00000036', 5.25, '2018-04-01', NULL, '2018-01-01', '2023-04-13', NULL, '0');
INSERT INTO `employee` VALUES (37, 'jiaxu4', 'e10adc3949ba59abbe56e057f20f883e', '贾旭明4', '男', '1993-11-11', 0, '610122199311111234', '已婚', 1, '广东广州', 4, 'jiaxuming@qq.com', '15644441234', '广东省广州市天河区冼村路', 78, 15, 33, '劳务合同', '初中', '通信工程', '西北大学', '2018-01-01', '在职', '00000037', 5.25, '2018-04-01', NULL, '2018-01-01', '2023-04-13', NULL, '0');
INSERT INTO `employee` VALUES (38, 'zhang4', 'e10adc3949ba59abbe56e057f20f883e', '张黎明2', '男', '1991-02-01', 0, '610144199102014569', '已婚', 1, '广东', 6, 'zhangliming@qq.com', '18979994478', '广东珠海', 91, 15, 33, '劳动合同', '高中', '考古', '清华大学', '2018-01-01', '在职', '00000038', 7, '2018-04-01', NULL, '2018-01-01', '2025-01-30', NULL, '0');
INSERT INTO `employee` VALUES (39, 'zhang5', 'e10adc3949ba59abbe56e057f20f883e', '薛磊4', '男', '1992-07-01', 0, '610144199207017895', '已婚', 1, '陕西西安', 13, 'xuelei@qq.com', '15648887741', '西安市雁塔区', 92, 14, 34, '劳动合同', '初中', '无', '华胥中学', '2018-01-01', '在职', '00000039', 6, '2018-04-01', NULL, '2018-01-01', '2024-01-17', NULL, '0');
INSERT INTO `employee` VALUES (40, 'zhang6', 'e10adc3949ba59abbe56e057f20f883e', '张洁4', '女', '1990-10-09', 0, '420177199010093652', '未婚', 1, '海南', 5, 'zhangjie@qq.com', '13695557742', '海口市美兰区', 92, 16, 34, '劳动合同', '高中', '无', '海南侨中', '2018-01-01', '在职', '00000040', 1, '2018-01-31', NULL, '2018-01-01', '2019-01-01', NULL, '0');
INSERT INTO `employee` VALUES (41, 'jiang5', 'e10adc3949ba59abbe56e057f20f883e', '江南一点雨5', '男', '1990-01-01', 0, '610122199001011256', '已婚', 1, '陕西', 13, 'laowang@qq.com', '18565558897', '深圳市南山区', 8, 9, 29, '劳动合同', '本科', '信息管理与信息系统', '深圳大学', '2018-01-01', '在职', '00000041', 1, '2018-04-01', NULL, '2018-01-01', '2019-01-01', NULL, '0');
INSERT INTO `employee` VALUES (42, 'chen5', 'e10adc3949ba59abbe56e057f20f883e', '陈静5', '女', '1989-02-01', 0, '421288198902011234', '已婚', 1, '海南', 1, 'chenjing@qq.com', '18795556693', '海南省海口市美兰区', 82, 12, 30, '劳动合同', '高中', '市场营销', '武汉大学', '2015-06-09', '在职', '00000042', 3, '2015-09-10', NULL, '2015-06-09', '2018-06-08', NULL, '0');
INSERT INTO `employee` VALUES (43, 'zhao5', 'e10adc3949ba59abbe56e057f20f883e', '赵琳浩5', '男', '1993-03-04', 0, '610122199303041456', '未婚', 1, '陕西', 3, 'zhao@qq.com', '15698887795', '陕西省西安市莲湖区', 91, 12, 33, '劳动合同', '博士', '电子工程', '哈尔滨理工大学', '2018-01-01', '在职', '00000043', 3.5, '2018-04-01', NULL, '2018-01-01', '2021-07-14', NULL, '0');
INSERT INTO `employee` VALUES (44, 'lu6', 'e10adc3949ba59abbe56e057f20f883e', '鹿存亮5', '男', '1990-01-03', 0, '610122199001031456', '已婚', 1, '陕西', 3, 'zhao@qq.com', '15612347795', '陕西省西安市莲湖区', 92, 12, 34, '劳动合同', '高中', '电子工程', '哈尔滨理工大学', '2018-01-01', '在职', '00000044', 3.5, '2018-04-01', NULL, '2018-01-01', '2021-07-14', NULL, '0');
INSERT INTO `employee` VALUES (45, 'yao5', 'e10adc3949ba59abbe56e057f20f883e', '姚森5', '男', '1991-02-05', 0, '610122199102058952', '已婚', 1, '河南', 3, 'yaosen@qq.com', '14785559936', '河南洛阳人民大道58号', 92, 15, 34, '劳动合同', '初中', '室内装修设计', '西北大学', '2017-01-02', '在职', '00000045', 7, '2017-04-02', NULL, '2017-01-02', '2024-01-17', NULL, '0');
INSERT INTO `employee` VALUES (46, 'yun6', 'e10adc3949ba59abbe56e057f20f883e', '云星5', '女', '1993-01-05', 0, '610122199301054789', '已婚', 1, '陕西西安', 1, 'yunxing@qq.com', '15644442252', '陕西西安新城区', 92, 16, 34, '劳务合同', '硕士', '通信工程', '西安电子科技学校', '2018-01-01', '在职', '00000046', 5.25, '2018-04-01', NULL, '2018-01-01', '2023-04-13', NULL, '0');
INSERT INTO `employee` VALUES (47, 'jiaxu5', 'e10adc3949ba59abbe56e057f20f883e', '贾旭明5', '男', '1993-11-11', 0, '610122199311111234', '已婚', 1, '广东广州', 4, 'jiaxuming@qq.com', '15644441234', '广东省广州市天河区冼村路', 78, 15, 33, '劳务合同', '初中', '通信工程', '西北大学', '2018-01-01', '在职', '00000047', 5.25, '2018-04-01', NULL, '2018-01-01', '2023-04-13', NULL, '0');
INSERT INTO `employee` VALUES (48, 'zhangli8', 'e10adc3949ba59abbe56e057f20f883e', '张黎明5', '男', '1991-02-01', 0, '610144199102014569', '已婚', 1, '广东', 6, 'zhangliming@qq.com', '18979994478', '广东珠海', 91, 15, 33, '劳动合同', '高中', '考古', '清华大学', '2018-01-01', '在职', '00000048', 7, '2018-04-01', NULL, '2018-01-01', '2025-01-30', NULL, '0');
INSERT INTO `employee` VALUES (49, 'xuelei8', 'e10adc3949ba59abbe56e057f20f883e', '薛磊5', '男', '1992-07-01', 0, '610144199207017895', '已婚', 1, '陕西西安', 13, 'xuelei@qq.com', '15648887741', '西安市雁塔区', 92, 14, 34, '劳动合同', '初中', '无', '华胥中学', '2018-01-01', '在职', '00000049', 6, '2018-04-01', NULL, '2018-01-01', '2024-01-17', NULL, '0');
INSERT INTO `employee` VALUES (50, 'zhangjie8', 'e10adc3949ba59abbe56e057f20f883e', '张洁5', '女', '1990-10-09', 0, '420177199010093652', '未婚', 1, '海南', 5, 'zhangjie@qq.com', '13695557742', '海口市美兰区', 92, 16, 34, '劳动合同', '高中', '无', '海南侨中', '2018-01-01', '在职', '00000050', 1, '2018-01-31', NULL, '2018-01-01', '2019-01-01', NULL, '0');
INSERT INTO `employee` VALUES (51, 'jiangjiang7', 'e10adc3949ba59abbe56e057f20f883e', '江南一点雨6', '男', '1990-01-01', 0, '610122199001011256', '已婚', 1, '陕西', 13, 'laowang@qq.com', '18565558897', '深圳市南山区', 8, 9, 29, '劳动合同', '本科', '信息管理与信息系统', '深圳大学', '2018-01-01', '在职', '00000051', 1, '2018-04-01', NULL, '2018-01-01', '2019-01-01', NULL, '0');
INSERT INTO `employee` VALUES (52, 'chenjing8', 'e10adc3949ba59abbe56e057f20f883e', '陈静6', '女', '1989-02-01', 0, '421288198902011234', '已婚', 1, '海南', 1, 'chenjing@qq.com', '18795556693', '海南省海口市美兰区', 82, 12, 30, '劳动合同', '高中', '市场营销', '武汉大学', '2015-06-09', '在职', '00000052', 3, '2015-09-10', NULL, '2015-06-09', '2018-06-08', NULL, '0');
INSERT INTO `employee` VALUES (53, 'zhao6', 'e10adc3949ba59abbe56e057f20f883e', '赵琳浩6', '男', '1993-03-04', 0, '610122199303041456', '未婚', 1, '陕西', 3, 'zhao@qq.com', '15698887795', '陕西省西安市莲湖区', 91, 12, 33, '劳动合同', '博士', '电子工程', '哈尔滨理工大学', '2018-01-01', '在职', '00000053', 3.5, '2018-04-01', NULL, '2018-01-01', '2021-07-14', NULL, '0');
INSERT INTO `employee` VALUES (54, 'lulu8', 'e10adc3949ba59abbe56e057f20f883e', '鹿存亮6', '男', '1990-01-03', 0, '610122199001031456', '已婚', 1, '陕西', 3, 'zhao@qq.com', '15612347795', '陕西省西安市莲湖区', 92, 12, 34, '劳动合同', '高中', '电子工程', '哈尔滨理工大学', '2018-01-01', '在职', '00000054', 3.5, '2018-04-01', NULL, '2018-01-01', '2021-07-14', NULL, '0');
INSERT INTO `employee` VALUES (55, 'lulu7', 'e10adc3949ba59abbe56e057f20f883e', '姚森6', '男', '1991-02-05', 0, '610122199102058952', '已婚', 1, '河南', 3, 'yaosen@qq.com', '14785559936', '河南洛阳人民大道58号', 92, 15, 34, '劳动合同', '初中', '室内装修设计', '西北大学', '2017-01-02', '在职', '00000055', 7, '2017-04-02', NULL, '2017-01-02', '2024-01-17', NULL, '0');
INSERT INTO `employee` VALUES (56, 'yunxing7', 'e10adc3949ba59abbe56e057f20f883e', '云星6', '女', '1993-01-05', 0, '610122199301054789', '已婚', 1, '陕西西安', 1, 'yunxing@qq.com', '15644442252', '陕西西安新城区', 92, 16, 34, '劳务合同', '硕士', '通信工程', '西安电子科技学校', '2018-01-01', '在职', '00000056', 5.25, '2018-04-01', NULL, '2018-01-01', '2023-04-13', NULL, '0');
INSERT INTO `employee` VALUES (1945, 'yang', 'e10adc3949ba59abbe56e057f20f883e', '洋洋洋', '男', '2021-03-31', 2, NULL, '已婚', 1, NULL, 3, NULL, NULL, NULL, 92, 16, 36, NULL, '小学', NULL, NULL, '2021-03-31', '在职', '00000090', 3, '2021-05-31', NULL, '2021-03-31', '2023-03-31', 4, '1');

-- ----------------------------
-- Table structure for employeeremove
-- ----------------------------
DROP TABLE IF EXISTS `employeeremove`;
CREATE TABLE `employeeremove`  (
  `id` int(11) NOT NULL AUTO_INCREMENT,
  `eid` int(11) NULL DEFAULT NULL,
  `name` varchar(40) CHARACTER SET utf8 COLLATE utf8_general_ci NULL DEFAULT NULL COMMENT '员工姓名',
  `workId` char(8) CHARACTER SET utf8 COLLATE utf8_general_ci NULL DEFAULT NULL COMMENT '员工工号',
  `beforeDepId` int(11) NULL DEFAULT NULL COMMENT '调动前部门',
  `beforeJobId` int(11) NULL DEFAULT NULL COMMENT '调动前职位',
  `afterDepId` int(11) NULL DEFAULT NULL COMMENT '调动后部门',
  `afterJobId` int(11) NULL DEFAULT NULL COMMENT '调动后职位',
  `removeDate` date NULL DEFAULT NULL COMMENT '调动日期',
  `reason` varchar(255) CHARACTER SET utf8 COLLATE utf8_general_ci NULL DEFAULT NULL COMMENT '调动原因',
  `remark` varchar(255) CHARACTER SET utf8 COLLATE utf8_general_ci NULL DEFAULT NULL,
  PRIMARY KEY (`id`) USING BTREE,
  INDEX `pid`(`eid`) USING BTREE,
  CONSTRAINT `employeeremove_ibfk_1` FOREIGN KEY (`eid`) REFERENCES `employee` (`id`) ON DELETE RESTRICT ON UPDATE RESTRICT
) ENGINE = InnoDB AUTO_INCREMENT = 4 CHARACTER SET = utf8 COLLATE = utf8_general_ci ROW_FORMAT = Dynamic;

-- ----------------------------
-- Records of employeeremove
-- ----------------------------
INSERT INTO `employeeremove` VALUES (1, 8, '张黎明', '00000008', 91, 33, 96, 29, '2021-03-23', 'daw', '213');

-- ----------------------------
-- Table structure for employeetrain
-- ----------------------------
DROP TABLE IF EXISTS `employeetrain`;
CREATE TABLE `employeetrain`  (
  `id` int(11) NOT NULL AUTO_INCREMENT,
  `eid` int(11) NULL DEFAULT NULL COMMENT '员工编号',
  `workId` char(8) CHARACTER SET utf8 COLLATE utf8_general_ci NULL DEFAULT NULL COMMENT '员工工号',
  `name` varchar(40) CHARACTER SET utf8 COLLATE utf8_general_ci NULL DEFAULT NULL COMMENT '员工姓名',
  `trainDate` date NULL DEFAULT NULL COMMENT '培训日期',
  `trainContent` varchar(255) CHARACTER SET utf8 COLLATE utf8_general_ci NULL DEFAULT NULL COMMENT '培训内容',
  `remark` varchar(255) CHARACTER SET utf8 COLLATE utf8_general_ci NULL DEFAULT NULL COMMENT '备注',
  PRIMARY KEY (`id`) USING BTREE,
  INDEX `pid`(`eid`) USING BTREE,
  CONSTRAINT `employeetrain_ibfk_1` FOREIGN KEY (`eid`) REFERENCES `employee` (`id`) ON DELETE RESTRICT ON UPDATE RESTRICT
) ENGINE = InnoDB AUTO_INCREMENT = 8 CHARACTER SET = utf8 COLLATE = utf8_general_ci ROW_FORMAT = Dynamic;

-- ----------------------------
-- Records of employeetrain
-- ----------------------------
INSERT INTO `employeetrain` VALUES (2, 21, '00000021', '江南一点雨3', '2021-03-31', '132123', NULL);

-- ----------------------------
-- Table structure for empsalary
-- ----------------------------
DROP TABLE IF EXISTS `empsalary`;
CREATE TABLE `empsalary`  (
  `id` int(11) NOT NULL AUTO_INCREMENT COMMENT '主键',
  `eid` int(11) NULL DEFAULT NULL COMMENT '员工编号',
  `name` varchar(32) CHARACTER SET utf8 COLLATE utf8_general_ci NULL DEFAULT NULL COMMENT '员工姓名',
  `workId` char(8) CHARACTER SET utf8 COLLATE utf8_general_ci NULL DEFAULT NULL COMMENT '员工工号',
  `basicSalary` int(11) NULL DEFAULT NULL COMMENT '基本工资',
  `bonus` int(11) NULL DEFAULT NULL COMMENT '奖金',
  `lunchSalary` int(11) NULL DEFAULT NULL COMMENT '午餐补助',
  `trafficSalary` int(11) NULL DEFAULT NULL COMMENT '交通补助',
  `allSalary` int(11) NULL DEFAULT NULL COMMENT '应发工资',
  `pensionBase` int(11) NULL DEFAULT NULL COMMENT '养老金基数',
  `pensionPer` float NULL DEFAULT NULL COMMENT '养老金比率',
  `medicalBase` int(11) NULL DEFAULT NULL COMMENT '医疗基数',
  `medicalPer` float NULL DEFAULT NULL COMMENT '医疗保险比率',
  `accumulationFundBase` int(11) NULL DEFAULT NULL COMMENT '公积金基数',
  `accumulationFundPer` float NULL DEFAULT NULL COMMENT '公积金比率',
  `salary_date` date NULL DEFAULT NULL COMMENT '工资时间',
  `attendance_salary` int(11) NULL DEFAULT NULL COMMENT '考勤工资',
  `realSalary` int(11) NULL DEFAULT NULL COMMENT '实发工资',
  `remark` varchar(255) CHARACTER SET utf8 COLLATE utf8_general_ci NULL DEFAULT NULL COMMENT '备注',
  PRIMARY KEY (`id`) USING BTREE
) ENGINE = InnoDB AUTO_INCREMENT = 45 CHARACTER SET = utf8 COLLATE = utf8_general_ci ROW_FORMAT = Dynamic;

-- ----------------------------
-- Records of empsalary
-- ----------------------------

-- ----------------------------
-- Table structure for joblevel
-- ----------------------------
DROP TABLE IF EXISTS `joblevel`;
CREATE TABLE `joblevel`  (
  `id` int(11) NOT NULL AUTO_INCREMENT,
  `name` varchar(32) CHARACTER SET utf8 COLLATE utf8_general_ci NULL DEFAULT NULL COMMENT '职称名称',
  `titleLevel` enum('正高级','副高级','中级','初级','员级') CHARACTER SET utf8 COLLATE utf8_general_ci NULL DEFAULT NULL,
  `createDate` timestamp(0) NULL DEFAULT CURRENT_TIMESTAMP(0),
  `enabled` tinyint(1) NULL DEFAULT 1,
  PRIMARY KEY (`id`) USING BTREE
) ENGINE = InnoDB AUTO_INCREMENT = 20 CHARACTER SET = utf8 COLLATE = utf8_general_ci ROW_FORMAT = Dynamic;

-- ----------------------------
-- Records of joblevel
-- ----------------------------
INSERT INTO `joblevel` VALUES (9, '教授', '正高级', '2018-01-11 00:00:00', 1);
INSERT INTO `joblevel` VALUES (10, '副教授', '副高级', '2018-01-11 21:19:20', 1);
INSERT INTO `joblevel` VALUES (12, '助教', '初级', '2018-01-11 21:35:39', 1);
INSERT INTO `joblevel` VALUES (13, '讲师', '中级', '2018-01-11 00:00:00', 0);
INSERT INTO `joblevel` VALUES (14, '初级工程师', '初级', '2018-01-14 00:00:00', 1);

-- ----------------------------
-- Table structure for nation
-- ----------------------------
DROP TABLE IF EXISTS `nation`;
CREATE TABLE `nation`  (
  `id` int(11) NOT NULL AUTO_INCREMENT,
  `name` varchar(32) CHARACTER SET utf8 COLLATE utf8_general_ci NULL DEFAULT NULL,
  PRIMARY KEY (`id`) USING BTREE
) ENGINE = InnoDB AUTO_INCREMENT = 57 CHARACTER SET = utf8 COLLATE = utf8_general_ci ROW_FORMAT = Dynamic;

-- ----------------------------
-- Records of nation
-- ----------------------------
INSERT INTO `nation` VALUES (1, '汉族');
INSERT INTO `nation` VALUES (2, '蒙古族');
INSERT INTO `nation` VALUES (3, '回族');
INSERT INTO `nation` VALUES (4, '藏族');
INSERT INTO `nation` VALUES (5, '维吾尔族');
INSERT INTO `nation` VALUES (6, '苗族');
INSERT INTO `nation` VALUES (7, '彝族');
INSERT INTO `nation` VALUES (8, '壮族');
INSERT INTO `nation` VALUES (9, '布依族');
INSERT INTO `nation` VALUES (10, '朝鲜族');
INSERT INTO `nation` VALUES (11, '满族');
INSERT INTO `nation` VALUES (12, '侗族');
INSERT INTO `nation` VALUES (13, '瑶族');
INSERT INTO `nation` VALUES (14, '白族');
INSERT INTO `nation` VALUES (15, '土家族');
INSERT INTO `nation` VALUES (16, '哈尼族');
INSERT INTO `nation` VALUES (17, '哈萨克族');
INSERT INTO `nation` VALUES (18, '傣族');
INSERT INTO `nation` VALUES (19, '黎族');
INSERT INTO `nation` VALUES (20, '傈僳族');
INSERT INTO `nation` VALUES (21, '佤族');
INSERT INTO `nation` VALUES (22, '畲族');
INSERT INTO `nation` VALUES (23, '高山族');
INSERT INTO `nation` VALUES (24, '拉祜族');
INSERT INTO `nation` VALUES (25, '水族');
INSERT INTO `nation` VALUES (26, '东乡族');
INSERT INTO `nation` VALUES (27, '纳西族');
INSERT INTO `nation` VALUES (28, '景颇族');
INSERT INTO `nation` VALUES (29, '柯尔克孜族');
INSERT INTO `nation` VALUES (30, '土族');
INSERT INTO `nation` VALUES (31, '达斡尔族');
INSERT INTO `nation` VALUES (32, '仫佬族');
INSERT INTO `nation` VALUES (33, '羌族');
INSERT INTO `nation` VALUES (34, '布朗族');
INSERT INTO `nation` VALUES (35, '撒拉族');
INSERT INTO `nation` VALUES (36, '毛难族');
INSERT INTO `nation` VALUES (37, '仡佬族');
INSERT INTO `nation` VALUES (38, '锡伯族');
INSERT INTO `nation` VALUES (39, '阿昌族');
INSERT INTO `nation` VALUES (40, '普米族');
INSERT INTO `nation` VALUES (41, '塔吉克族');
INSERT INTO `nation` VALUES (42, '怒族');
INSERT INTO `nation` VALUES (43, '乌孜别克族');
INSERT INTO `nation` VALUES (44, '俄罗斯族');
INSERT INTO `nation` VALUES (45, '鄂温克族');
INSERT INTO `nation` VALUES (46, '崩龙族');
INSERT INTO `nation` VALUES (47, '保安族');
INSERT INTO `nation` VALUES (48, '裕固族');
INSERT INTO `nation` VALUES (49, '京族');
INSERT INTO `nation` VALUES (50, '塔塔尔族');
INSERT INTO `nation` VALUES (51, '独龙族');
INSERT INTO `nation` VALUES (52, '鄂伦春族');
INSERT INTO `nation` VALUES (53, '赫哲族');
INSERT INTO `nation` VALUES (54, '门巴族');
INSERT INTO `nation` VALUES (55, '珞巴族');
INSERT INTO `nation` VALUES (56, '基诺族');

-- ----------------------------
-- Table structure for politicsstatus
-- ----------------------------
DROP TABLE IF EXISTS `politicsstatus`;
CREATE TABLE `politicsstatus`  (
  `id` int(11) NOT NULL AUTO_INCREMENT,
  `name` varchar(32) CHARACTER SET utf8 COLLATE utf8_general_ci NULL DEFAULT NULL,
  PRIMARY KEY (`id`) USING BTREE
) ENGINE = InnoDB AUTO_INCREMENT = 14 CHARACTER SET = utf8 COLLATE = utf8_general_ci ROW_FORMAT = Dynamic;

-- ----------------------------
-- Records of politicsstatus
-- ----------------------------
INSERT INTO `politicsstatus` VALUES (1, '中共党员');
INSERT INTO `politicsstatus` VALUES (2, '中共预备党员');
INSERT INTO `politicsstatus` VALUES (3, '共青团员');
INSERT INTO `politicsstatus` VALUES (4, '民革党员');
INSERT INTO `politicsstatus` VALUES (5, '民盟盟员');
INSERT INTO `politicsstatus` VALUES (6, '民建会员');
INSERT INTO `politicsstatus` VALUES (7, '民进会员');
INSERT INTO `politicsstatus` VALUES (8, '农工党党员');
INSERT INTO `politicsstatus` VALUES (9, '致公党党员');
INSERT INTO `politicsstatus` VALUES (10, '九三学社社员');
INSERT INTO `politicsstatus` VALUES (11, '台盟盟员');
INSERT INTO `politicsstatus` VALUES (12, '无党派民主人士');
INSERT INTO `politicsstatus` VALUES (13, '普通公民');

-- ----------------------------
-- Table structure for position
-- ----------------------------
DROP TABLE IF EXISTS `position`;
CREATE TABLE `position`  (
  `id` int(11) NOT NULL AUTO_INCREMENT,
  `name` varchar(32) CHARACTER SET utf8 COLLATE utf8_general_ci NULL DEFAULT NULL COMMENT '职位',
  `createDate` timestamp(0) NULL DEFAULT CURRENT_TIMESTAMP(0),
  `enabled` tinyint(1) NULL DEFAULT 1,
  PRIMARY KEY (`id`) USING BTREE,
  UNIQUE INDEX `name`(`name`) USING BTREE
) ENGINE = InnoDB AUTO_INCREMENT = 37 CHARACTER SET = utf8 COLLATE = utf8_general_ci ROW_FORMAT = Dynamic;

-- ----------------------------
-- Records of position
-- ----------------------------
INSERT INTO `position` VALUES (29, '技术总监', '2018-01-11 21:13:42', 1);
INSERT INTO `position` VALUES (30, '运营总监', '2018-01-11 21:13:48', 1);
INSERT INTO `position` VALUES (31, '市场总监', '2018-01-11 00:00:00', 1);
INSERT INTO `position` VALUES (33, '研发工程师', '2018-01-14 00:00:00', 0);
INSERT INTO `position` VALUES (34, '运维工程师', '2018-01-14 16:11:41', 1);
INSERT INTO `position` VALUES (36, 'Java研发经理', '2019-10-01 00:00:00', 1);

-- ----------------------------
-- Table structure for salary
-- ----------------------------
DROP TABLE IF EXISTS `salary`;
CREATE TABLE `salary`  (
  `id` int(11) NOT NULL AUTO_INCREMENT,
  `basicSalary` int(11) NULL DEFAULT NULL COMMENT '基本工资',
  `bonus` int(11) NULL DEFAULT NULL COMMENT '奖金',
  `lunchSalary` int(11) NULL DEFAULT NULL COMMENT '午餐补助',
  `trafficSalary` int(11) NULL DEFAULT NULL COMMENT '交通补助',
  `allSalary` int(11) NULL DEFAULT NULL COMMENT '应发工资',
  `pensionBase` int(11) NULL DEFAULT NULL COMMENT '养老金基数',
  `pensionPer` float NULL DEFAULT NULL COMMENT '养老金比率',
  `createDate` date NULL DEFAULT NULL COMMENT '创建时间',
  `medicalBase` int(11) NULL DEFAULT NULL COMMENT '医疗基数',
  `medicalPer` float NULL DEFAULT NULL COMMENT '医疗保险比率',
  `accumulationFundBase` int(11) NULL DEFAULT NULL COMMENT '公积金基数',
  `accumulationFundPer` float NULL DEFAULT NULL COMMENT '公积金比率',
  `name` varchar(32) CHARACTER SET utf8 COLLATE utf8_general_ci NULL DEFAULT NULL,
  `attendance_salary` int(11) NULL DEFAULT NULL COMMENT '考勤工资',
  PRIMARY KEY (`id`) USING BTREE
) ENGINE = InnoDB AUTO_INCREMENT = 17 CHARACTER SET = utf8 COLLATE = utf8_general_ci ROW_FORMAT = Dynamic;

-- ----------------------------
-- Records of salary
-- ----------------------------
INSERT INTO `salary` VALUES (9, 9000, 4000, 800, 500, 14700, 1029, 0.07, '2018-01-24', 1029, 0.07, 3234, 0.22, '市场部工资账套', 900);
INSERT INTO `salary` VALUES (10, 2000, 2000, 400, 1000, 5400, 2000, 0.07, '2018-01-01', 2000, 0.07, 2000, 0.07, '人事部工资账套', 1000);
INSERT INTO `salary` VALUES (13, 20000, 3000, 500, 500, 24500, 4000, 0.07, '2018-01-25', 4000, 0.07, 4000, 0.07, '运维部工资账套', 1000);
INSERT INTO `salary` VALUES (16, 20000, 10000, 500, 650, 31500, 630, 0.02, '2021-03-26', 630, 0.02, 630, 0.02, '开发部工资套账', 1000);

-- ----------------------------
-- Procedure structure for addDep
-- ----------------------------
DROP PROCEDURE IF EXISTS `addDep`;
delimiter ;;
CREATE PROCEDURE `addDep`(in depName varchar(32),in parentId int,in enabled boolean,out result int,out result2 int)
begin
  declare did int;
  declare pDepPath varchar(64);
  insert into department set name=depName,parentId=parentId,enabled=enabled;
  select row_count() into result;
  select last_insert_id() into did;
  set result2=did;
  select depPath into pDepPath from department where id=parentId;
  update department set depPath=concat(pDepPath,'.',did) where id=did;
  update department set isParent=true where id=parentId;
end
;;
delimiter ;

-- ----------------------------
-- Procedure structure for deleteDep
-- ----------------------------
DROP PROCEDURE IF EXISTS `deleteDep`;
delimiter ;;
CREATE PROCEDURE `deleteDep`(in did int,out result int)
begin
  declare ecount int;
  declare pid int;
  declare pcount int;
  declare a int;
  select count(*) into a from department where id=did and isParent=false;
  if a=0 then set result=-2;
  else
  select count(*) into ecount from employee where departmentId=did;
  if ecount>0 then set result=-1;
  else
  select parentId into pid from department where id=did;
  delete from department where id=did and isParent=false;
  select row_count() into result;
  select count(*) into pcount from department where parentId=pid;
  if pcount=0 then update department set isParent=false where id=pid;
  end if;
  end if;
  end if;
end
;;
delimiter ;

SET FOREIGN_KEY_CHECKS = 1;
